BG,mean,sd,cv
0% BG,4.703902853845041,3.458212220139934,73.51793452352315
1.5% BG,4.701215800435063,3.8059017689601933,80.95569168741382
