BG,mean,sd,cv
BG(-),4.754125850675796,3.5577447251440684,74.83488735659654
BG(+),4.852501894264791,5.9462263275318,122.53939219600697
